date,lat,lon,SST,SSS,SSH,u_curr,v_curr,u_wind,v_wind,T_0,T_5,T_10,T_20,T_30,T_50,T_75,T_100,doy,pred_T_5,pred_T_10,pred_T_20,pred_T_30,pred_T_50,pred_T_75
2024-03-01,5.51,72.36,27.61,34.54,0.109,0.189,-0.049,4.77,-3.13,,29.311358119229556,29.300087899778564,29.286435798132224,29.275897777537203,29.132989148133703,27.30466228029303,,61,29.56417176269295,29.5419721446881,29.45439042687385,29.21721622376229,28.630131912141703,26.53964946783967
2024-03-01,6.45,81.71,27.66,34.93,0.111,0.053,-0.007,6.54,-2.03,,28.96367325060381,,,,,,,61,29.22517252653721,29.160825846363856,29.22254490515055,29.10138414965649,28.606428576900896,26.371196934974634
2024-03-01,8.9,62.47,27.85,34.76,0.094,-0.016,-0.194,5.81,-0.92,,29.15100685645154,29.130563569899085,29.10329734670846,29.07217612122824,28.81407233236986,27.32421789288157,,61,29.067619990919592,29.0260487264562,28.99988443571819,28.99583948568326,28.615284426412856,26.904285561907706
2024-03-01,8.9,70.92,27.35,34.92,0.131,0.29,-0.151,4.69,-1.73,,29.613565872736803,29.58635323904628,29.540088613852244,29.42826745328608,28.108941826463894,25.457620229799907,,61,29.327151358521775,29.240927152456862,29.196188388145313,29.111941185322312,28.530197835586243,26.524702015313835
2024-03-01,10.31,75.85,27.57,34.85,0.065,0.321,0.04,5.79,-2.73,,30.35766601834559,30.33918586967539,30.31923044162268,,,,,61,29.41346664405775,29.497333079661296,29.382531746757554,28.946294893226593,27.987704708812384,25.342727060883586
2024-03-01,14.36,55.91,27.12,34.95,0.065,0.206,-0.122,4.71,-2.48,,27.39032402362598,27.36941662733808,27.364063298485878,27.428454844336404,27.62337856931252,27.668184483240225,,61,27.774068434645837,27.843467095463726,27.714566740650817,27.65587187521048,27.541364534297504,26.83264119108122
2024-03-01,19.97,76.49,26.79,34.98,0.132,0.202,-0.262,5.32,-2.31,,,,,,,,,61,26.413921707551435,26.544213148458955,26.331829135368206,26.389487346714002,26.25616127226758,25.688915846798754
2024-03-01,20.03,62.53,26.93,35.1,0.144,0.072,-0.147,4.5,-1.27,,26.326831864251297,26.32129069355992,26.306871885482263,26.27818179046124,25.95310502936058,25.119484100910704,,61,25.993710886070797,26.05286543267682,25.92596648839173,25.85939279874626,26.0659859034506,25.582168115845533
2024-03-01,22.7,66.98,26.96,35.02,0.115,0.165,0.066,4.3,-2.26,,25.15580619055843,25.134600285864927,25.106768374788462,25.099853724734064,25.10890154643898,25.065236049301447,,61,25.3952875587496,25.360449240064302,25.35145341592849,25.289291846134734,25.15501461464035,24.49150104743186
2024-03-01,23.3,63.25,26.44,35.15,0.122,0.176,-0.064,4.7,-3.18,,24.77150185592572,24.772234300152466,24.77128880702941,24.772462537951263,24.81647633026645,24.776631199564765,,61,23.967184709712182,23.999119082078323,23.900969522723923,23.829021693432008,24.082328562544816,24.356616128154435
2024-03-01,25.81,56.98,26.79,35.16,0.042,0.146,-0.043,7.46,-2.15,,24.0206850063443,24.019192892425284,24.013258670266158,24.008472654558933,24.00595734084036,24.005353889585106,,61,24.213772415743886,24.105906674282636,24.267644841553196,24.087262118739908,24.090273080791604,24.021561109658492
2024-03-01,26.65,53.37,27.14,34.79,0.125,0.163,-0.086,5.09,-3.59,,22.81734070189444,22.816862730002587,22.811583192618883,22.81837865835624,23.092117057806377,,,61,23.442536954354953,23.434128439053374,23.450574496385563,23.440265735952597,23.546666905667276,23.999151877566938
2024-03-01,28.77,56.0,27.12,35.22,0.068,0.273,-0.197,5.21,-3.57,,,,,,,,,61,23.261428222059973,23.342984515364616,23.249217272399935,23.146420801234786,23.44743246390136,24.270271942372375
2024-03-01,29.25,92.11,26.41,35.18,0.076,0.126,-0.002,6.89,-1.86,,,,,,,,,61,24.503229874460057,24.274888341540773,24.47311624195446,24.295935861788415,23.359633120757877,22.334910543960063
2024-03-07,5.41,84.6,28.0,35.11,0.052,0.253,-0.244,4.78,-1.21,,29.41844710846387,29.403590977915265,29.42223551553248,29.54640751758413,28.935057081877503,25.13834644813228,,67,29.64652304148946,29.652609367088246,29.587166704214596,29.212361192254342,28.314280770504766,25.676067520442174
2024-03-07,6.02,100.48,27.97,34.6,0.119,0.234,0.08,6.3,-3.19,,,,,,,,,67,29.80843925977453,29.76649551235205,29.64797249023774,29.194426753114897,27.424922198795677,23.628286703510618
2024-03-07,7.26,101.2,27.62,34.67,0.106,0.201,-0.017,6.08,-2.07,,29.5275591902198,29.45302155531365,29.37218524638461,,,,,67,29.223824450960624,29.008574319477322,29.077054742636854,28.724123571949555,26.89185633783263,23.007531660285437
2024-03-07,9.66,51.81,28.02,34.88,0.071,0.176,-0.004,4.37,-1.96,,28.64171562925914,28.614246909903503,28.580841739941956,28.548963046994785,28.370741809631248,26.741167438363615,,67,28.751868146012587,28.68062832820734,28.686391609259754,28.514012987641998,28.238661927437406,26.84215164904612
2024-03-07,10.66,78.31,27.52,35.18,0.127,-0.154,-0.028,4.59,-1.4,,,,,,,,,67,28.42884135073553,28.39377203600796,28.343754449755917,28.286336683756385,28.061461715752902,26.566574717784125
2024-03-07,13.02,65.46,27.53,35.02,0.123,0.139,-0.152,3.74,-2.44,,28.342394558734306,28.32915720370174,28.30838030139235,28.321139118685057,27.467930170321356,26.17466460719841,,67,28.105861533400276,28.155755273933263,27.9696298880619,27.925042662709792,27.728879112893033,26.70492057583738
2024-03-07,14.19,83.71,27.06,34.96,0.116,0.267,-0.198,3.93,-1.67,,28.680011367255126,28.650028224520675,28.630064941190632,28.61914191564671,28.83313202461286,28.504650145557825,,67,28.543462722655402,28.438851079211762,28.456135709764354,28.43411470275946,27.914825144256245,26.101342970605394
2024-03-07,17.8,94.03,27.38,34.84,0.087,0.252,-0.138,5.47,-2.05,,26.287008417073853,26.278896619611245,26.39622382630856,25.891793613614556,23.403326659752487,20.8670418216083,,67,27.205967848316682,26.957595419688623,27.256172217599595,26.872958708167246,25.121819416918154,22.200234955209908
2024-03-07,18.39,68.2,27.08,35.16,0.121,0.273,0.178,5.0,-2.69,,26.412987288020943,26.397208357198465,26.37694143047119,26.363782656720645,26.165690572567804,24.90544750349519,,67,26.575644733315496,26.459345889056227,26.506068812491215,26.239457895444584,26.01937809727474,24.835209798795123
2024-03-07,19.77,97.64,26.98,35.12,0.124,0.227,0.412,5.82,-1.17,,,,,,,,,67,27.927456502549717,27.72979396402464,27.70239454506376,27.512184914250664,25.833229989670794,22.83306530973016
2024-03-07,20.81,55.46,27.3,35.1,0.119,0.048,-0.022,5.54,-2.65,,,,,,,,,67,25.387395145858083,25.43019233905911,25.39090040774851,25.27748762256962,25.36848860182956,25.03174765856798
2024-03-07,20.84,86.46,27.77,35.14,0.073,0.248,-0.167,6.04,-1.16,,,,,,,,,67,27.347792637759742,27.123224787096802,27.391129646002373,27.015922257619646,25.732740761426943,23.208758169071665
2024-03-07,21.94,60.48,27.44,35.19,0.099,0.264,-0.143,5.01,-2.47,,25.103505518018707,25.04813508291751,25.010491721492805,24.95187936636973,24.944641993116846,24.943738726178776,,67,25.218546306518064,25.33227537462068,25.210396210702235,25.128131260583224,25.41307190011998,25.420528277144054
2024-03-07,25.88,53.25,27.39,35.13,0.19,0.244,-0.153,4.18,-1.7,,21.916406818582438,21.878479190264223,21.860524747185156,21.849969110471594,,,,67,22.803331730132253,22.767570801250066,22.678191757832685,22.704987161257705,23.430788174833566,24.17244296139072
2024-03-10,5.63,78.26,27.92,34.83,0.123,0.06,-0.042,5.11,-2.08,,29.404884879123237,29.379935781689444,29.239438631694263,29.02212383292652,28.1966554579829,24.58031835131264,,70,29.221523703664946,29.207570367935233,29.20666604929218,29.012773504826576,28.466515061666772,26.154231137702222
2024-03-10,6.96,89.27,27.72,34.72,0.121,0.366,-0.222,6.66,-2.16,,29.310035110031475,29.380863258979087,29.725444565653483,29.790794253274743,29.23300586816563,24.977447813361547,,70,29.62771738719607,29.614249827994154,29.70155408317579,29.460329741167953,28.636554534881924,25.589867471146057
2024-03-10,8.91,45.86,28.26,34.78,0.126,0.13,-0.038,6.1,-2.82,,,,,,,,,70,28.677751401752605,28.66637643347797,28.633983974461355,28.58375203049869,28.41089404459002,27.38616704122977
2024-03-10,9.33,90.47,27.97,34.8,0.15,0.274,0.048,6.81,-2.15,,29.09632739802434,29.075546415566308,29.082867288231263,29.11997044687592,28.064717106992948,23.172315145968074,,70,29.17629671741945,29.147448602018603,29.239280187231667,29.043948713471963,28.11693717226219,25.095215111110054
2024-03-10,11.26,51.96,28.56,34.72,0.08,0.324,0.045,6.12,-1.66,,28.83219538014809,28.812552457342232,28.74988463909415,28.40825335622909,27.45640629656844,26.04103926588468,,70,28.903193219210376,28.921910899841986,28.89638294773671,28.763466455620588,28.24228570317193,26.61900591678342
2024-03-10,12.0,87.22,28.34,35.02,0.112,0.147,-0.17,5.48,-2.4,,27.92791661272875,27.9081599540816,27.886384907284107,27.79059064413998,27.50577299224505,26.78522299278445,,70,28.831281011658596,28.878220232218936,28.80544059346765,28.634249969227493,27.927972054649064,25.846513419329913
2024-03-10,15.22,66.36,27.96,35.05,0.116,0.168,0.103,4.91,-1.73,,28.168140102813872,28.14249969905357,28.11439975118858,28.09857577318947,28.057962192226345,25.87297066991652,,70,28.13249712155428,28.167943936310994,28.10117178163506,27.931346008589568,27.67988683529589,26.06335197457565
2024-03-10,15.97,102.29,27.42,34.96,0.019,-0.004,-0.08,4.25,-0.86,,,,,,,,,70,26.916318027759875,26.380250809476962,26.937009284543123,26.342443508929435,23.6902363153935,20.18668993535251
2024-03-10,18.73,47.76,27.56,34.89,0.119,0.048,0.067,5.35,-2.83,,,,,,,,,70,25.858361250134468,25.939805349421217,25.937951697586815,25.828218771373745,25.935915094251026,25.44599614090434
2024-03-10,21.5,96.33,27.28,35.11,0.073,-0.061,-0.136,5.29,-1.92,,,,,,,,,70,26.55896099270036,26.469117458585092,26.590287388275055,26.45298194490955,25.251049905013062,23.84563920234367
2024-03-10,22.4,59.86,27.17,35.23,0.126,0.272,0.026,4.67,-2.61,,25.052669529560315,24.85122534135973,24.64105913270852,24.485487051979973,24.312499616660645,24.11529563787641,,70,24.62428753591207,24.6229170413117,24.584749734817155,24.414188836520097,24.73163726099191,24.653425749722953
2024-03-10,22.86,47.44,27.26,35.17,0.1,0.027,-0.021,5.74,-2.57,,,,,,,,,70,24.853966149610333,24.89255188417516,24.879603961125465,24.734849137963703,24.954619837044252,24.909238963218577
2024-03-10,25.9,70.18,27.29,35.07,0.11,0.076,-0.121,6.35,-1.88,,,,,,,,,70,25.483825270288946,25.537290896869283,25.520053764270834,25.458441380126207,25.406973646046485,24.98307764573215
2024-03-10,29.07,81.7,27.25,35.47,0.08,0.47,-0.284,5.35,-1.7,,,,,,,,,70,24.768031790359647,24.49674083897036,24.565705670377195,24.410621864952848,24.198320170801303,23.627708827076226
2024-03-15,5.3,80.06,28.28,34.79,0.122,0.117,0.024,6.51,-2.67,,29.322580839166644,29.301969653612147,29.20832583389879,29.12078614076341,28.7183095673298,26.280121204511996,,75,29.50837104598085,29.512445674247214,29.522472981036323,29.310123571476737,28.64434297443776,26.241498545395274
2024-03-15,6.41,47.59,29.09,34.66,0.1,0.06,-0.305,5.22,-2.86,,,,,,,,,75,29.409572651806858,29.30548685543255,29.2754668120009,29.263786371124787,28.999148114675346,27.95765955978769
2024-03-15,7.94,76.66,27.96,35.08,0.16,0.08,-0.256,7.1,-2.34,,29.91341666574285,29.88926937394365,29.8398396340117,29.5345306395315,29.16059563050716,28.127584096835264,,75,29.797417080575187,29.655052259470462,29.667106241534917,29.677265779199235,29.344951896141428,27.717094212516862
2024-03-15,7.97,98.47,28.4,34.86,0.181,0.293,-0.119,4.85,-1.86,,30.79222301420748,,,,,,,75,29.69271266761852,29.497353707364447,29.57073485870212,29.24322123729722,28.08646334658733,24.707459635571663
2024-03-15,10.59,72.27,28.07,34.7,0.123,0.293,-0.168,6.25,-2.67,,29.65164795820835,29.63141222597575,29.615066246641213,29.54451691573577,29.33163098054125,28.91739937829355,,75,28.99625707076439,28.97139032099218,28.978047589155448,28.96019056041332,28.586080574360082,27.044907057888384
2024-03-15,12.14,82.76,28.59,34.9,0.174,-0.057,-0.254,5.69,-1.94,,28.787831312992544,28.766431023500047,28.858758733859155,28.70675844541957,28.37850972526964,26.90313768310283,,75,29.047607476713008,29.00067796317059,29.008923538707005,29.07183437248432,28.61538909456852,26.787066398406704
2024-03-15,14.37,76.39,28.24,35.1,0.072,-0.027,-0.295,5.48,-1.68,,,,,,,,,75,28.47098651279758,28.550098905472186,28.369287816265594,28.360170151284024,28.103384287956768,27.04775807758025
2024-03-15,19.58,78.23,28.15,35.09,0.103,0.383,-0.036,6.93,-2.2,,,,,,,,,75,27.81604063718739,27.79383597723069,27.72312695864341,27.59734169439092,26.808697180307867,25.011243467323656
2024-03-15,21.23,104.58,28.06,34.84,0.107,0.151,-0.044,5.3,-1.75,,,,,,,,,75,27.704917082314847,27.304247309700788,27.528459493990265,27.123869039980082,24.82524999664013,21.33551006091603
2024-03-15,23.65,49.43,27.25,35.1,0.129,0.227,0.035,4.63,-3.48,,,,,,,,,75,23.667230773804086,23.63910437518958,23.63452723635546,23.49628027806186,23.875290025075692,24.282699611938455
2024-03-15,26.71,86.74,27.4,34.87,0.122,-0.046,0.03,6.12,-3.0,,,,,,,,,75,25.70346261963963,25.773010934108576,25.70187352715373,25.69862321451571,25.1957473561923,24.50238911757967
2024-03-15,29.05,103.16,27.92,35.49,0.118,0.296,0.027,7.12,-3.02,,,,,,,,,75,26.270961140701374,25.993279748571517,25.84616326557853,25.733599523011772,24.382667678280264,22.89931332139732
2024-03-15,29.08,82.65,27.06,35.22,0.094,0.067,-0.194,7.71,-2.22,,,,,,,,,75,25.145185125391542,25.14335089165188,25.12889060287514,25.201568396296068,24.914650146870283,24.79721320361727
2024-03-15,29.25,99.07,27.11,35.19,0.056,-0.077,0.114,7.39,-2.45,,,,,,,,,75,24.971844203932147,24.721573264475715,24.89542048818651,24.696092756274105,23.213039827491276,21.93959095195094
2024-03-20,5.5,70.9,28.91,35.1,0.139,0.187,-0.105,5.15,-1.67,,30.03881653573658,30.019870721186123,30.005432443469022,29.89001839909022,29.684836518169305,28.3647106763882,,80,29.52895471227811,29.44446558807764,29.46554680580225,29.3028355903596,28.851139851606302,27.06736130491324
2024-03-20,5.92,57.69,28.44,34.56,0.161,0.436,-0.218,6.56,-2.85,,29.665903565995176,29.653911798564614,29.64106303875785,29.64524800460167,29.576674194743823,28.634496352210785,,80,29.608637371042377,29.499872075677835,29.57284725777016,29.67097538302333,29.356088587904374,28.260722043864668
2024-03-20,7.68,92.35,28.87,34.63,0.149,0.366,-0.347,5.2,-1.87,,29.68926712496129,29.67066905754232,29.65671760107809,29.552361045864878,27.227955301529192,22.435309043146844,,80,29.886766604176103,29.6883303487084,29.74732483106615,29.365955252545263,27.63979919783535,23.945760396948632
2024-03-20,11.06,77.23,29.07,35.0,0.124,0.33,-0.099,3.96,-3.14,,,,,,,,,80,28.95379328344502,28.86710142328034,28.9021452688388,28.72521447744775,28.04846480406258,26.334506244077943
2024-03-20,11.31,64.65,28.29,34.79,0.107,0.157,-0.15,6.27,-2.37,,29.05889665554016,29.04370318830253,29.0276768236641,28.98401439331552,28.352859148016307,27.003338315544315,,80,28.854114012069882,28.860821420406513,28.800264329587712,28.729844771791615,28.457994458100465,27.03276078709255
2024-03-20,11.73,80.21,27.85,34.83,0.134,0.401,-0.011,5.78,-1.67,,28.77708939571128,28.756767923961323,28.903644461730707,28.701267675619405,27.928375112873912,25.90731178507773,,80,28.91976778469079,28.899143281152657,28.892181106581326,28.695676749258887,27.88525344007502,25.23856339221914
2024-03-20,13.05,52.65,28.09,34.92,0.119,0.222,-0.01,7.04,-2.74,,28.357849085969747,28.33171933243746,28.299922867756727,28.29583083736669,27.98842040089995,27.212800525963267,,80,28.258011724379184,28.303723407585846,28.265532136223282,28.221896181307798,28.102873825466215,27.209808511236773
2024-03-20,14.43,89.73,27.62,34.97,0.156,-0.072,0.087,6.34,-2.67,,27.85929923012388,27.79774688155882,27.93036255193421,28.212462106371348,27.563789175994778,24.86332885252415,,80,28.433716673178374,28.390491575413186,28.410745595750768,28.355667375346798,27.894273500583157,25.766111828411056
2024-03-20,16.19,74.91,28.13,35.03,0.115,0.163,-0.069,7.17,-2.13,,,,,,,,,80,28.481799894551767,28.544982281208927,28.52956938149391,28.43987895999774,28.1136723467321,26.548059499171536
2024-03-20,17.79,80.62,27.62,35.01,0.141,0.014,0.027,4.34,-2.39,,,,,,,,,80,27.23231797909397,27.257198141993307,27.186429742890105,27.118011225930264,26.724366970829706,25.361011550244456
2024-03-20,18.3,85.75,27.72,34.92,0.135,0.021,-0.096,7.01,-2.79,,28.24769989405775,28.246880954439504,28.25033579770116,28.34498654447526,28.097235157509925,28.070084432993568,,80,28.218466799554392,28.284219377699408,28.16734151675012,28.233335096236946,27.874320107250792,26.531100123050436
2024-03-20,18.32,50.22,28.19,34.95,0.119,0.085,-0.003,5.58,-2.1,,,,,,,,,80,27.0281285553008,27.11739024722278,27.079210056672924,26.98641264372516,27.02843591576917,26.256636479830988
2024-03-20,22.83,52.19,27.79,34.97,0.116,0.263,0.01,5.02,-2.25,,,,,,,,,80,25.460560761091095,25.521475052611834,25.481817426075146,25.400394812420842,25.599854276224097,25.34246340198854
2024-03-20,27.38,98.43,27.86,34.95,0.15,0.051,0.018,5.24,-3.78,,,,,,,,,80,26.129524516329703,26.130531954386537,25.91912768710687,26.043657900420385,25.218050293079788,24.470093453043358
2024-03-25,7.77,55.9,29.01,34.84,0.118,0.221,0.176,7.6,-1.14,,29.28127235799105,29.24246224231627,29.191677987660164,29.12457376607479,28.931355229836235,27.594285363187648,,85,29.140466150214912,29.138703290530238,29.144825890708887,29.117609641330596,28.716050409574187,27.33765402628939
2024-03-25,8.19,80.0,28.79,34.75,0.111,-0.098,0.049,6.32,-3.45,,,,,,,,,85,29.476091162695948,29.610360730921197,29.40679430164816,29.090088818445057,28.307171545186534,26.226916118520077
2024-03-25,8.75,101.84,28.48,35.21,0.143,0.152,-0.053,6.45,-2.53,,29.94889460740215,29.92483893521192,29.9043883850061,29.943741857842383,29.248970404137346,,,85,29.588247846615122,29.646769938567815,29.64970021119406,29.443269325827227,28.63930094519395,25.938023082567522
2024-03-25,10.73,54.2,28.54,34.78,0.141,0.068,-0.136,6.36,-2.62,,28.602031272625467,28.556267974430035,28.528585826147346,28.306350459985048,27.62608774206941,27.3843266416208,,85,28.79170722069085,28.786446984731207,28.754980436215366,28.74970622136875,28.550213465424896,27.413642338179407
2024-03-25,11.29,100.93,28.47,34.66,0.095,0.241,-0.204,8.0,-4.08,,30.18156423425515,30.156245023778784,30.130555227352097,30.098527795205555,,,,85,29.91779524548217,29.951151372356996,29.81437979270941,29.43968392640316,27.636538374322974,24.257308085078606
2024-03-25,13.64,78.91,29.08,34.95,0.139,0.068,-0.002,6.21,-1.53,,,,,,,,,85,28.85821603041987,28.945871944432017,28.873140491635876,28.723041407870618,27.964471148882012,25.767711189033875
2024-03-25,14.93,69.05,28.11,34.9,0.192,0.111,-0.23,6.0,-2.63,,28.336145887278477,28.309214974862936,28.27599311105932,28.22396057270884,27.782068609637392,26.522586133665595,,85,28.08481255259199,28.078368522899716,27.932063287067212,28.060702342924916,27.90755204144331,27.012675256902764
2024-03-25,18.57,97.33,28.23,35.07,0.104,0.289,-0.072,5.73,-1.58,,,,,,,,,85,28.281098052637045,28.065525243939597,28.073082607327915,27.62474858350786,25.784620251094047,22.4443114672782
2024-03-25,21.03,81.69,27.86,34.99,0.156,-0.033,0.036,6.01,-2.72,,,,,,,,,85,27.191749567048305,27.235185640321575,27.081235266793563,27.11569398199898,26.832876601733197,25.71417138642783
2024-03-25,22.35,46.09,28.35,35.16,0.131,0.324,-0.18,6.87,-1.94,,,,,,,,,85,25.770106681933655,25.731222784586397,25.74827160725226,25.811103781226286,26.169600399683652,26.411895645766954
2024-03-25,23.0,75.35,27.68,34.99,0.108,0.413,0.062,7.52,-1.84,,,,,,,,,85,26.93489310891547,26.939982699786892,26.70884948822791,26.817936907780435,25.802836204350264,24.288834282528445
2024-03-25,23.06,80.17,28.55,34.71,0.174,0.337,-0.299,5.91,-2.71,,,,,,,,,85,27.264201627841,27.277995159237843,27.02420227617782,27.394933954233487,26.507355918289832,25.52544916129367
2024-03-25,24.93,72.72,27.19,35.14,0.135,0.254,0.172,7.38,-2.63,,,,,,,,,85,25.79306906081302,25.74894710870863,25.602557584439783,25.55491191933471,25.318053327478978,24.589715427202073
2024-03-25,26.16,99.51,27.79,35.02,0.138,0.158,0.081,4.56,-1.19,,,,,,,,,85,27.367273635196298,27.02632740352328,27.14528226922557,26.940773339386567,25.27620576745334,22.54531034220831
2024-03-31,5.56,79.59,29.43,34.67,0.154,0.534,-0.062,7.65,-3.06,,29.87003004325028,29.848343017154203,29.831671003930797,29.782562302241537,29.4147536786122,27.488147303217183,,91,30.024017904823243,30.028491904815787,30.085917220362823,29.922731447149577,29.075694194462905,26.942517210431856
2024-03-31,8.48,57.39,28.75,34.98,0.149,0.252,-0.047,6.53,-1.75,,29.68241591933637,29.665293807161788,29.64826500671351,29.741403807636765,29.22093570547416,28.34875605067865,,91,29.220110123007526,29.16046074794164,29.194764103757638,29.16484661722989,28.871848343589132,27.525256089179365
2024-03-31,9.29,97.43,29.73,34.78,0.137,0.368,0.14,5.98,-2.84,,30.77727286676671,30.70219981096102,30.3922062070934,29.35934032305229,25.58294172261311,22.79865293055365,,91,30.242196104764623,30.196405223980182,29.722049552167142,29.142836786678668,26.52289688185789,22.554800288442518
2024-03-31,11.45,94.78,29.07,34.87,0.1,0.214,-0.025,6.77,-3.52,,29.94691056674568,29.85348468481197,29.56876098151864,29.007347961424266,27.63295489708695,22.59591134340481,,91,29.877470222785764,29.929122177746304,29.65847394100191,29.068559470634916,27.186049534437416,23.748636234300662
2024-03-31,11.72,61.44,28.9,35.15,0.131,0.422,0.035,5.94,-1.99,,28.704776786050434,28.666834497267956,28.63372909915452,28.61018074036702,28.063050020842123,26.7989059263909,,91,28.738498404745123,28.69739215254507,28.776505281947237,28.66348653189739,28.35356077962556,27.086716617490413
2024-03-31,11.81,80.84,28.82,34.68,0.122,-0.001,-0.142,6.47,-2.31,,29.96016358575945,29.935189278101088,29.96171522800481,29.93498331658277,29.32811887018999,27.21788856106772,,91,29.187292670852734,29.26630041968331,29.26498582030761,29.115449093245914,28.365282586901852,26.071989173324923
2024-03-31,15.63,52.07,28.43,35.12,0.122,0.545,0.009,6.68,-3.19,,,,,,,,,91,27.053785661309842,26.95921642329738,27.069022034116667,27.03347679940314,27.11016712258787,26.87322902765359
2024-03-31,18.14,99.0,28.15,35.05,0.177,0.162,0.078,5.98,-1.37,,,,,,,,,91,28.730678617051918,28.698805507916635,28.545255898296418,28.38667378009864,27.398154651989806,24.63675270627488
2024-03-31,18.54,78.25,28.86,35.11,0.103,0.041,-0.08,6.43,-2.0,,,,,,,,,91,28.211579302243987,28.298235186577706,28.174994562292557,28.08136318938702,27.451697121114965,25.88884259096375
2024-03-31,20.84,84.09,28.51,34.87,0.161,0.242,0.017,7.58,-1.83,,,,,,,,,91,28.476755172647163,28.579723864252962,28.42390892626853,28.381188362322025,27.5064204035252,25.479859456036568
2024-03-31,25.0,99.86,28.03,35.18,0.127,0.058,-0.219,5.58,-3.58,,,,,,,,,91,26.94536585238246,27.061560832090386,26.682223196962507,26.894462835801548,26.07801032483577,25.4321889188565
2024-03-31,25.87,45.66,28.05,35.18,0.136,0.085,-0.087,6.72,-2.88,,,,,,,,,91,24.502180369143215,24.476121482290523,24.446746878555885,24.45947883847015,24.80311288694829,25.141952918914768
2024-03-31,27.36,46.1,28.63,35.35,0.095,-0.042,-0.125,6.53,-2.09,,,,,,,,,91,25.686900039690315,25.794940209556035,25.695750079661043,25.748430403932037,26.004592181049226,26.182344571224803
2024-03-31,29.61,53.21,28.4,35.11,0.144,0.084,0.124,6.7,-1.67,,,,,,,,,91,25.61540883875181,25.639113532084362,25.369231634831984,25.466957176267517,25.396245160090643,25.21158647488819
