date,lat,lon,SST,SSS,SSH,u_curr,v_curr,u_wind,v_wind,T_0,T_5,T_10,T_20,T_30,T_50,T_75,T_100
2024-03-01,5.51,72.36,27.61,34.54,0.109,0.189,-0.049,4.77,-3.13,,29.311358119229553,29.300087899778564,29.286435798132224,29.275897777537203,29.132989148133703,27.30466228029303,
2024-03-01,6.45,81.71,27.66,34.93,0.111,0.053,-0.007,6.54,-2.03,,28.96367325060381,,,,,,
2024-03-01,8.9,62.47,27.85,34.76,0.094,-0.016,-0.194,5.81,-0.92,,29.15100685645154,29.130563569899085,29.10329734670846,29.07217612122824,28.81407233236986,27.324217892881574,
2024-03-01,8.9,70.92,27.35,34.92,0.131,0.29,-0.151,4.69,-1.73,,29.613565872736803,29.586353239046282,29.540088613852244,29.428267453286082,28.108941826463898,25.457620229799907,
2024-03-01,10.31,75.85,27.57,34.85,0.065,0.321,0.04,5.79,-2.73,,30.35766601834559,30.33918586967539,30.31923044162268,,,,
2024-03-01,14.36,55.91,27.12,34.95,0.065,0.206,-0.122,4.71,-2.48,,27.39032402362598,27.36941662733808,27.364063298485874,27.428454844336404,27.623378569312518,27.668184483240225,
2024-03-01,19.97,76.49,26.79,34.98,0.132,0.202,-0.262,5.32,-2.31,,,,,,,,
2024-03-01,20.03,62.53,26.93,35.1,0.144,0.072,-0.147,4.5,-1.27,,26.326831864251297,26.321290693559916,26.306871885482266,26.278181790461236,25.95310502936058,25.119484100910704,
2024-03-01,22.7,66.98,26.96,35.02,0.115,0.165,0.066,4.3,-2.26,,25.15580619055843,25.134600285864927,25.106768374788466,25.099853724734064,25.10890154643898,25.065236049301447,
2024-03-01,23.3,63.25,26.44,35.15,0.122,0.176,-0.064,4.7,-3.18,,24.77150185592572,24.772234300152462,24.771288807029414,24.772462537951263,24.816476330266454,24.776631199564765,
2024-03-01,25.81,56.98,26.79,35.16,0.042,0.146,-0.043,7.46,-2.15,,24.0206850063443,24.019192892425284,24.013258670266154,24.008472654558933,24.00595734084036,24.005353889585102,
2024-03-01,26.65,53.37,27.14,34.79,0.125,0.163,-0.086,5.09,-3.59,,22.81734070189444,22.816862730002587,22.811583192618883,22.818378658356238,23.092117057806377,,
2024-03-01,28.77,56.0,27.12,35.22,0.068,0.273,-0.197,5.21,-3.57,,,,,,,,
2024-03-01,29.25,92.11,26.41,35.18,0.076,0.126,-0.002,6.89,-1.86,,,,,,,,
2024-03-07,5.41,84.6,28.0,35.11,0.052,0.253,-0.244,4.78,-1.21,,29.41844710846387,29.403590977915265,29.422235515532478,29.54640751758413,28.935057081877503,25.13834644813228,
2024-03-07,6.02,100.48,27.97,34.6,0.119,0.234,0.08,6.3,-3.19,,,,,,,,
2024-03-07,7.26,101.2,27.62,34.67,0.106,0.201,-0.017,6.08,-2.07,,29.527559190219797,29.45302155531365,29.37218524638461,,,,
2024-03-07,9.66,51.81,28.02,34.88,0.071,0.176,-0.004,4.37,-1.96,,28.64171562925914,28.614246909903503,28.580841739941953,28.548963046994785,28.370741809631248,26.741167438363618,
2024-03-07,10.66,78.31,27.52,35.18,0.127,-0.154,-0.028,4.59,-1.4,,,,,,,,
2024-03-07,13.02,65.46,27.53,35.02,0.123,0.139,-0.152,3.74,-2.44,,28.342394558734306,28.32915720370174,28.30838030139235,28.321139118685057,27.467930170321353,26.17466460719841,
2024-03-07,14.19,83.71,27.06,34.96,0.116,0.267,-0.198,3.93,-1.67,,28.680011367255126,28.650028224520675,28.630064941190632,28.61914191564671,28.83313202461286,28.504650145557825,
2024-03-07,17.8,94.03,27.38,34.84,0.087,0.252,-0.138,5.47,-2.05,,26.287008417073853,26.278896619611245,26.396223826308557,25.891793613614553,23.403326659752487,20.8670418216083,
2024-03-07,18.39,68.2,27.08,35.16,0.121,0.273,0.178,5.0,-2.69,,26.412987288020943,26.397208357198462,26.37694143047119,26.363782656720645,26.165690572567804,24.90544750349519,
2024-03-07,19.77,97.64,26.98,35.12,0.124,0.227,0.412,5.82,-1.17,,,,,,,,
2024-03-07,20.81,55.46,27.3,35.1,0.119,0.048,-0.022,5.54,-2.65,,,,,,,,
2024-03-07,20.84,86.46,27.77,35.14,0.073,0.248,-0.167,6.04,-1.16,,,,,,,,
2024-03-07,21.94,60.48,27.44,35.19,0.099,0.264,-0.143,5.01,-2.47,,25.103505518018707,25.04813508291751,25.010491721492805,24.95187936636973,24.944641993116846,24.943738726178776,
2024-03-07,25.88,53.25,27.39,35.13,0.19,0.244,-0.153,4.18,-1.7,,21.916406818582434,21.878479190264223,21.860524747185153,21.849969110471594,,,
2024-03-10,5.63,78.26,27.92,34.83,0.123,0.06,-0.042,5.11,-2.08,,29.404884879123234,29.379935781689444,29.239438631694263,29.02212383292652,28.1966554579829,24.580318351312638,
2024-03-10,6.96,89.27,27.72,34.72,0.121,0.366,-0.222,6.66,-2.16,,29.310035110031475,29.380863258979087,29.725444565653483,29.790794253274743,29.23300586816563,24.977447813361547,
2024-03-10,8.91,45.86,28.26,34.78,0.126,0.13,-0.038,6.1,-2.82,,,,,,,,
2024-03-10,9.33,90.47,27.97,34.8,0.15,0.274,0.048,6.81,-2.15,,29.09632739802434,29.075546415566308,29.082867288231263,29.119970446875918,28.064717106992948,23.172315145968074,
2024-03-10,11.26,51.96,28.56,34.72,0.08,0.324,0.045,6.12,-1.66,,28.832195380148086,28.812552457342232,28.74988463909415,28.40825335622909,27.45640629656844,26.041039265884677,
2024-03-10,12.0,87.22,28.34,35.02,0.112,0.147,-0.17,5.48,-2.4,,27.92791661272875,27.908159954081597,27.886384907284107,27.79059064413998,27.50577299224505,26.78522299278445,
2024-03-10,15.22,66.36,27.96,35.05,0.116,0.168,0.103,4.91,-1.73,,28.168140102813872,28.14249969905357,28.11439975118858,28.09857577318947,28.057962192226345,25.872970669916516,
2024-03-10,15.97,102.29,27.42,34.96,0.019,-0.004,-0.08,4.25,-0.86,,,,,,,,
2024-03-10,18.73,47.76,27.56,34.89,0.119,0.048,0.067,5.35,-2.83,,,,,,,,
2024-03-10,21.5,96.33,27.28,35.11,0.073,-0.061,-0.136,5.29,-1.92,,,,,,,,
2024-03-10,22.4,59.86,27.17,35.23,0.126,0.272,0.026,4.67,-2.61,,25.052669529560315,24.85122534135973,24.64105913270852,24.485487051979973,24.312499616660645,24.115295637876415,
2024-03-10,22.86,47.44,27.26,35.17,0.1,0.027,-0.021,5.74,-2.57,,,,,,,,
2024-03-10,25.9,70.18,27.29,35.07,0.11,0.076,-0.121,6.35,-1.88,,,,,,,,
2024-03-10,29.07,81.7,27.25,35.47,0.08,0.47,-0.284,5.35,-1.7,,,,,,,,
2024-03-15,5.3,80.06,28.28,34.79,0.122,0.117,0.024,6.51,-2.67,,29.322580839166644,29.301969653612147,29.20832583389879,29.120786140763414,28.718309567329797,26.280121204511993,
2024-03-15,6.41,47.59,29.09,34.66,0.1,0.06,-0.305,5.22,-2.86,,,,,,,,
2024-03-15,7.94,76.66,27.96,35.08,0.16,0.08,-0.256,7.1,-2.34,,29.913416665742854,29.889269373943655,29.8398396340117,29.5345306395315,29.16059563050716,28.127584096835264,
2024-03-15,7.97,98.47,28.4,34.86,0.181,0.293,-0.119,4.85,-1.86,,30.79222301420748,,,,,,
2024-03-15,10.59,72.27,28.07,34.7,0.123,0.293,-0.168,6.25,-2.67,,29.65164795820835,29.63141222597575,29.615066246641213,29.54451691573577,29.33163098054125,28.91739937829355,
2024-03-15,12.14,82.76,28.59,34.9,0.174,-0.057,-0.254,5.69,-1.94,,28.787831312992544,28.766431023500047,28.858758733859155,28.70675844541957,28.37850972526964,26.90313768310283,
2024-03-15,14.37,76.39,28.24,35.1,0.072,-0.027,-0.295,5.48,-1.68,,,,,,,,
2024-03-15,19.58,78.23,28.15,35.09,0.103,0.383,-0.036,6.93,-2.2,,,,,,,,
2024-03-15,21.23,104.58,28.06,34.84,0.107,0.151,-0.044,5.3,-1.75,,,,,,,,
2024-03-15,23.65,49.43,27.25,35.1,0.129,0.227,0.035,4.63,-3.48,,,,,,,,
2024-03-15,26.71,86.74,27.4,34.87,0.122,-0.046,0.03,6.12,-3.0,,,,,,,,
2024-03-15,29.05,103.16,27.92,35.49,0.118,0.296,0.027,7.12,-3.02,,,,,,,,
2024-03-15,29.08,82.65,27.06,35.22,0.094,0.067,-0.194,7.71,-2.22,,,,,,,,
2024-03-15,29.25,99.07,27.11,35.19,0.056,-0.077,0.114,7.39,-2.45,,,,,,,,
2024-03-20,5.5,70.9,28.91,35.1,0.139,0.187,-0.105,5.15,-1.67,,30.03881653573658,30.019870721186123,30.005432443469026,29.89001839909022,29.684836518169305,28.364710676388196,
2024-03-20,5.92,57.69,28.44,34.56,0.161,0.436,-0.218,6.56,-2.85,,29.665903565995176,29.653911798564618,29.64106303875785,29.64524800460167,29.576674194743823,28.634496352210782,
2024-03-20,7.68,92.35,28.87,34.63,0.149,0.366,-0.347,5.2,-1.87,,29.689267124961294,29.670669057542316,29.65671760107809,29.552361045864874,27.227955301529192,22.435309043146844,
2024-03-20,11.06,77.23,29.07,35.0,0.124,0.33,-0.099,3.96,-3.14,,,,,,,,
2024-03-20,11.31,64.65,28.29,34.79,0.107,0.157,-0.15,6.27,-2.37,,29.05889665554016,29.04370318830253,29.0276768236641,28.98401439331552,28.352859148016307,27.003338315544315,
2024-03-20,11.73,80.21,27.85,34.83,0.134,0.401,-0.011,5.78,-1.67,,28.77708939571128,28.756767923961323,28.903644461730707,28.701267675619405,27.928375112873912,25.90731178507773,
2024-03-20,13.05,52.65,28.09,34.92,0.119,0.222,-0.01,7.04,-2.74,,28.357849085969747,28.33171933243746,28.299922867756727,28.295830837366694,27.98842040089995,27.212800525963267,
2024-03-20,14.43,89.73,27.62,34.97,0.156,-0.072,0.087,6.34,-2.67,,27.859299230123877,27.79774688155882,27.930362551934206,28.212462106371348,27.563789175994778,24.86332885252415,
2024-03-20,16.19,74.91,28.13,35.03,0.115,0.163,-0.069,7.17,-2.13,,,,,,,,
2024-03-20,17.79,80.62,27.62,35.01,0.141,0.014,0.027,4.34,-2.39,,,,,,,,
2024-03-20,18.3,85.75,27.72,34.92,0.135,0.021,-0.096,7.01,-2.79,,28.24769989405775,28.246880954439504,28.25033579770116,28.34498654447526,28.097235157509925,28.070084432993568,
2024-03-20,18.32,50.22,28.19,34.95,0.119,0.085,-0.003,5.58,-2.1,,,,,,,,
2024-03-20,22.83,52.19,27.79,34.97,0.116,0.263,0.01,5.02,-2.25,,,,,,,,
2024-03-20,27.38,98.43,27.86,34.95,0.15,0.051,0.018,5.24,-3.78,,,,,,,,
2024-03-25,7.77,55.9,29.01,34.84,0.118,0.221,0.176,7.6,-1.14,,29.281272357991046,29.24246224231627,29.191677987660164,29.12457376607479,28.931355229836235,27.594285363187648,
2024-03-25,8.19,80.0,28.79,34.75,0.111,-0.098,0.049,6.32,-3.45,,,,,,,,
2024-03-25,8.75,101.84,28.48,35.21,0.143,0.152,-0.053,6.45,-2.53,,29.94889460740215,29.924838935211916,29.9043883850061,29.943741857842383,29.248970404137346,,
2024-03-25,10.73,54.2,28.54,34.78,0.141,0.068,-0.136,6.36,-2.62,,28.602031272625467,28.556267974430035,28.528585826147342,28.306350459985048,27.62608774206941,27.384326641620802,
2024-03-25,11.29,100.93,28.47,34.66,0.095,0.241,-0.204,8.0,-4.08,,30.18156423425515,30.156245023778784,30.130555227352097,30.098527795205555,,,
2024-03-25,13.64,78.91,29.08,34.95,0.139,0.068,-0.002,6.21,-1.53,,,,,,,,
2024-03-25,14.93,69.05,28.11,34.9,0.192,0.111,-0.23,6.0,-2.63,,28.336145887278473,28.309214974862936,28.27599311105932,28.22396057270884,27.782068609637392,26.522586133665595,
2024-03-25,18.57,97.33,28.23,35.07,0.104,0.289,-0.072,5.73,-1.58,,,,,,,,
2024-03-25,21.03,81.69,27.86,34.99,0.156,-0.033,0.036,6.01,-2.72,,,,,,,,
2024-03-25,22.35,46.09,28.35,35.16,0.131,0.324,-0.18,6.87,-1.94,,,,,,,,
2024-03-25,23.0,75.35,27.68,34.99,0.108,0.413,0.062,7.52,-1.84,,,,,,,,
2024-03-25,23.06,80.17,28.55,34.71,0.174,0.337,-0.299,5.91,-2.71,,,,,,,,
2024-03-25,24.93,72.72,27.19,35.14,0.135,0.254,0.172,7.38,-2.63,,,,,,,,
2024-03-25,26.16,99.51,27.79,35.02,0.138,0.158,0.081,4.56,-1.19,,,,,,,,
2024-03-31,5.56,79.59,29.43,34.67,0.154,0.534,-0.062,7.65,-3.06,,29.870030043250278,29.848343017154203,29.831671003930794,29.782562302241537,29.414753678612197,27.488147303217183,
2024-03-31,8.48,57.39,28.75,34.98,0.149,0.252,-0.047,6.53,-1.75,,29.68241591933637,29.665293807161788,29.64826500671351,29.741403807636765,29.22093570547416,28.348756050678652,
2024-03-31,9.29,97.43,29.73,34.78,0.137,0.368,0.14,5.98,-2.84,,30.77727286676671,30.70219981096102,30.392206207093402,29.359340323052294,25.58294172261311,22.79865293055365,
2024-03-31,11.45,94.78,29.07,34.87,0.1,0.214,-0.025,6.77,-3.52,,29.946910566745682,29.853484684811974,29.56876098151864,29.007347961424262,27.63295489708695,22.595911343404815,
2024-03-31,11.72,61.44,28.9,35.15,0.131,0.422,0.035,5.94,-1.99,,28.704776786050434,28.666834497267953,28.63372909915452,28.61018074036702,28.063050020842123,26.7989059263909,
2024-03-31,11.81,80.84,28.82,34.68,0.122,-0.001,-0.142,6.47,-2.31,,29.96016358575945,29.935189278101088,29.961715228004806,29.93498331658277,29.32811887018999,27.217888561067717,
2024-03-31,15.63,52.07,28.43,35.12,0.122,0.545,0.009,6.68,-3.19,,,,,,,,
2024-03-31,18.14,99.0,28.15,35.05,0.177,0.162,0.078,5.98,-1.37,,,,,,,,
2024-03-31,18.54,78.25,28.86,35.11,0.103,0.041,-0.08,6.43,-2.0,,,,,,,,
2024-03-31,20.84,84.09,28.51,34.87,0.161,0.242,0.017,7.58,-1.83,,,,,,,,
2024-03-31,25.0,99.86,28.03,35.18,0.127,0.058,-0.219,5.58,-3.58,,,,,,,,
2024-03-31,25.87,45.66,28.05,35.18,0.136,0.085,-0.087,6.72,-2.88,,,,,,,,
2024-03-31,27.36,46.1,28.63,35.35,0.095,-0.042,-0.125,6.53,-2.09,,,,,,,,
2024-03-31,29.61,53.21,28.4,35.11,0.144,0.084,0.124,6.7,-1.67,,,,,,,,
